University,Description
Beihang University,มหาวิทยาลัยวิจัยในปักกิ่งที่โดดเด่นด้านการบินและอวกาศ เหมาะกับสายวิศวกรรม คอมพิวเตอร์ และเทคโนโลยี
Beijing Film Academy,สถาบันด้านภาพยนตร์ที่มีชื่อเสียงที่สุดแห่งหนึ่งของจีน ตั้งอยู่ในปักกิ่ง เด่นด้านการกำกับ การแสดง และการผลิตภาพยนตร์
Beijing Foreign Studies University,มหาวิทยาลัยด้านภาษาต่างประเทศชั้นนำในปักกิ่ง เปิดสอนภาษาต่างประเทศจำนวนมาก เหมาะกับสายภาษา การแปล และความสัมพันธ์ระหว่างประเทศ
Beijing Institute of Technology,มหาวิทยาลัยวิทยาศาสตร์และเทคโนโลยีชั้นนำในปักกิ่ง เด่นด้านวิศวกรรม ยานยนต์ และเทคโนโลยีสารสนเทศ
Beijing Language and Culture University,มหาวิทยาลัยในปักกิ่งที่เชี่ยวชาญการสอนภาษาจีนให้นักศึกษาต่างชาติ มีนักศึกษาจากหลายประเทศจนได้ฉายาว่า “สหประชาชาติเล็ก”
Beijing Normal University,มหาวิทยาลัยชั้นนำในปักกิ่งด้านการศึกษาและการผลิตครู เด่นทั้งศึกษาศาสตร์ จิตวิทยา และภาษาจีน
Beijing University of Posts and Telecommunications,มหาวิทยาลัยในปักกิ่งที่เด่นด้านโทรคมนาคม คอมพิวเตอร์ และเทคโนโลยีสารสนเทศ
Central Academy of Drama,สถาบันการละครชั้นนำของจีนในปักกิ่ง เปิดสอนการแสดง การกำกับ การเขียนบท และการออกแบบเวที
Central China Normal University,มหาวิทยาลัยครุศาสตร์ชั้นนำในอู่ฮั่น เด่นด้านการศึกษา ภาษาจีน และมนุษยศาสตร์
Central Conservatory of Music,วิทยาลัยดนตรีชั้นนำของจีนในปักกิ่ง เปิดสอนทั้งดนตรีคลาสสิก ดนตรีจีน การประพันธ์ และการแสดง
Central South University,มหาวิทยาลัยวิจัยขนาดใหญ่ในฉางซา เด่นด้านการแพทย์ วิศวกรรม และวัสดุศาสตร์
Central University of Finance and Economics,มหาวิทยาลัยด้านการเงินและเศรษฐศาสตร์ชั้นนำในปักกิ่ง เหมาะกับสายการเงิน บัญชี และบริหารธุรกิจ
China Academy of Art,สถาบันศิลปะชั้นนำของจีนในหางโจว เด่นด้านศิลปกรรม การออกแบบ และสถาปัตยกรรม
China Agricultural University,มหาวิทยาลัยด้านเกษตรศาสตร์และวิทยาศาสตร์ชีวภาพชั้นนำของจีน ตั้งอยู่ในปักกิ่ง
China Conservatory of Music,วิทยาลัยดนตรีในปักกิ่งที่เน้นดนตรีจีนดั้งเดิม เหมาะกับคนที่สนใจเครื่องดนตรีและการขับร้องแบบจีน
China University of Petroleum (East China),มหาวิทยาลัยในชิงเต่าที่เด่นด้านปิโตรเลียม พลังงาน และวิศวกรรม วิทยาเขตอยู่ใกล้ทะเล
China University of Political Science and Law,มหาวิทยาลัยด้านกฎหมายชั้นนำของจีนในปักกิ่ง เด่นด้านนิติศาสตร์ รัฐศาสตร์ และสังคมศาสตร์
Chongqing University,มหาวิทยาลัยวิจัยชั้นนำในฉงชิ่ง เด่นด้านวิศวกรรม สถาปัตยกรรม และวิทยาศาสตร์
Chongqing University of Posts and Telecommunications,มหาวิทยาลัยในฉงชิ่งที่เด่นด้านโทรคมนาคม คอมพิวเตอร์ และเทคโนโลยีสารสนเทศ
Communication University of China,มหาวิทยาลัยชั้นนำของจีนด้านสื่อสารมวลชน ภาพยนตร์ และสื่อดิจิทัล ตั้งอยู่ในปักกิ่ง
Dalian University of Technology,มหาวิทยาลัยวิจัยในเมืองท่าต้าเหลียน เด่นด้านวิศวกรรม เคมี และการจัดการ
Dongbei University of Finance and Economics,มหาวิทยาลัยด้านการเงินและเศรษฐศาสตร์ในต้าเหลียน เหมาะกับสายธุรกิจ บัญชี และการเงิน
Donghua University,มหาวิทยาลัยในเซี่ยงไฮ้ที่เด่นด้านสิ่งทอ วัสดุ และแฟชั่นดีไซน์
Duke Kunshan University,มหาวิทยาลัยความร่วมมือจีน–สหรัฐฯ ในคุนซาน ใกล้เซี่ยงไฮ้ สอนเป็นภาษาอังกฤษในรูปแบบ liberal arts
East China Normal University,มหาวิทยาลัยชั้นนำในเซี่ยงไฮ้ด้านการศึกษา จิตวิทยา และภาษาจีน มีนักศึกษาต่างชาติจำนวนมาก
East China University of Science and Technology,มหาวิทยาลัยในเซี่ยงไฮ้ที่เด่นด้านเคมี วิศวกรรมเคมี และวิทยาศาสตร์ชีวภาพ
Fudan University,หนึ่งในมหาวิทยาลัยชั้นนำของจีนในเซี่ยงไฮ้ เด่นทั้งมนุษยศาสตร์ เศรษฐศาสตร์ และการแพทย์ และเป็นที่ที่ผู้ก่อตั้ง Chinese Chiwchiw เคยเรียน
Fujian Normal University,มหาวิทยาลัยครุศาสตร์ชั้นนำของมณฑลฝูเจี้ยนในเมืองฝูโจว เด่นด้านการศึกษาและมนุษยศาสตร์
Fuzhou University,มหาวิทยาลัยหลักของมณฑลฝูเจี้ยนในเมืองฝูโจว เด่นด้านวิศวกรรมและวิทยาศาสตร์
Guangdong University of Foreign Studies,มหาวิทยาลัยในกวางโจวที่เด่นด้านภาษาต่างประเทศ การแปล และการค้าระหว่างประเทศ
Guangxi University,มหาวิทยาลัยหลักของเขตกวางสีในหนานหนิง เมืองที่ใกล้ประเทศไทยและอาเซียน
Guizhou University,มหาวิทยาลัยหลักของมณฑลกุ้ยโจวในเมืองกุ้ยหยาง เปิดสอนหลากหลายสาขา
Harbin Institute of Technology,มหาวิทยาลัยวิจัยชั้นนำในฮาร์บิน เด่นด้านวิศวกรรม อวกาศ และหุ่นยนต์
Hefei University of Technology,มหาวิทยาลัยในเหอเฝยที่เด่นด้านวิศวกรรม เครื่องกล และการจัดการ
Huaqiao University,มหาวิทยาลัยในมณฑลฝูเจี้ยนที่ก่อตั้งเพื่อชาวจีนโพ้นทะเลและนักศึกษาต่างชาติ มีวิทยาเขตที่เฉวียนโจวและเซี่ยเหมิน
Huazhong University of Science and Technology,มหาวิทยาลัยวิจัยขนาดใหญ่ในอู่ฮั่น เด่นด้านวิศวกรรม การแพทย์ และคอมพิวเตอร์
Hunan Normal University,มหาวิทยาลัยครุศาสตร์ในฉางซา เด่นด้านการศึกษา ภาษา และมนุษยศาสตร์
Hunan University,มหาวิทยาลัยเก่าแก่ในฉางซาที่สืบประวัติจากสำนักศึกษาเยว่ลู่ เด่นด้านวิศวกรรม ธุรกิจ และการออกแบบ
Jiangnan University,มหาวิทยาลัยในอู๋ซีที่เด่นด้านวิทยาศาสตร์อาหาร เทคโนโลยีชีวภาพ และการออกแบบ
Jiangsu University,มหาวิทยาลัยในเจิ้นเจียง มณฑลเจียงซู เด่นด้านวิศวกรรม การแพทย์ และการเกษตร
Jilin University,มหาวิทยาลัยขนาดใหญ่ในฉางชุน เปิดสอนแทบทุกสาขา ตั้งแต่การแพทย์ วิศวกรรม ไปจนถึงมนุษยศาสตร์
Jinan University,มหาวิทยาลัยในกวางโจวที่เน้นรับนักศึกษาจีนโพ้นทะเลและนักศึกษาต่างชาติ เด่นด้านธุรกิจ สื่อ และการแพทย์
Kunming Medical University,มหาวิทยาลัยแพทย์ในคุนหมิง เมืองที่อากาศดีตลอดปีและเดินทางจากไทยได้สะดวก
Kunming University of Science and Technology,มหาวิทยาลัยวิทยาศาสตร์และเทคโนโลยีหลักของยูนนานในคุนหมิง เด่นด้านวิศวกรรมและเหมืองแร่
Lanzhou University,มหาวิทยาลัยวิจัยในหลานโจว ทางตะวันตกของจีน เด่นด้านวิทยาศาสตร์และเคมี
Nanjing University,หนึ่งในมหาวิทยาลัยเก่าแก่และชั้นนำของจีนในหนานจิง เด่นทั้งวิทยาศาสตร์และมนุษยศาสตร์
Nanjing University of Information Science and Technology,มหาวิทยาลัยในหนานจิงที่เด่นด้านอุตุนิยมวิทยา วิทยาศาสตร์บรรยากาศ และเทคโนโลยีสารสนเทศ
Nankai University,มหาวิทยาลัยชั้นนำในเทียนจิน เด่นด้านเศรษฐศาสตร์ เคมี และมนุษยศาสตร์
National Academy of Chinese Theatre Arts,สถาบันในปักกิ่งด้านงิ้วและศิลปะการแสดงจีนดั้งเดิม
Ningbo University,มหาวิทยาลัยหลักของเมืองท่าหนิงปัว มณฑลเจ้อเจียง เปิดสอนหลากหลายสาขา
Northeast Normal University,มหาวิทยาลัยครุศาสตร์ชั้นนำในฉางชุน เด่นด้านการศึกษาและมนุษยศาสตร์
Northeastern University,มหาวิทยาลัยวิจัยในเสิ่นหยาง เด่นด้านวิศวกรรม ระบบอัตโนมัติ และวัสดุศาสตร์
Northwestern Polytechnical University,มหาวิทยาลัยวิจัยในซีอาน เด่นด้านการบิน อวกาศ และวิศวกรรมทางทะเล
Ocean University of China,มหาวิทยาลัยในชิงเต่าที่เด่นด้านสมุทรศาสตร์และวิทยาศาสตร์ทางทะเล
Peking University,หนึ่งในมหาวิทยาลัยที่มีชื่อเสียงที่สุดของจีน ตั้งอยู่ในปักกิ่ง เด่นทั้งวิทยาศาสตร์ มนุษยศาสตร์ และสังคมศาสตร์
Qingdao University,มหาวิทยาลัยหลักของเมืองชิงเต่า เมืองริมทะเลที่อากาศดีและน่าอยู่
Renmin University of China,มหาวิทยาลัยชั้นนำในปักกิ่งด้านสังคมศาสตร์ เศรษฐศาสตร์ กฎหมาย และการบริหาร
Shanghai University,มหาวิทยาลัยขนาดใหญ่ในเซี่ยงไฮ้ เปิดสอนหลากหลายสาขา ทั้งวิศวกรรม ศิลปะ และธุรกิจ
Shaanxi Normal University,มหาวิทยาลัยครุศาสตร์ในซีอาน เมืองประวัติศาสตร์ เด่นด้านการศึกษาและมนุษยศาสตร์
Shandong University,มหาวิทยาลัยขนาดใหญ่ในจี่หนาน เปิดสอนหลากหลายสาขา เด่นด้านการแพทย์และวิทยาศาสตร์
Shanghai Conservatory of Music,วิทยาลัยดนตรีชั้นนำในเซี่ยงไฮ้ เปิดสอนการแสดง การประพันธ์ และดนตรีวิทยา
Shanghai International Studies University,มหาวิทยาลัยในเซี่ยงไฮ้ที่เด่นด้านภาษาต่างประเทศ การแปล และการศึกษาระหว่างประเทศ
Shanghai Jiao Tong University,หนึ่งในมหาวิทยาลัยชั้นนำของจีนในเซี่ยงไฮ้ เด่นด้านวิศวกรรม การแพทย์ และธุรกิจ
Shanghai Theatre Academy,สถาบันการละครและศิลปะการแสดงในเซี่ยงไฮ้ เปิดสอนการแสดง การกำกับ และการออกแบบเวที
Shanghai University of Finance and Economics,มหาวิทยาลัยด้านการเงินและเศรษฐศาสตร์ชั้นนำในเซี่ยงไฮ้
Shenzhen University,มหาวิทยาลัยในเซินเจิ้น เมืองเทคโนโลยีและนวัตกรรมของจีน เปิดสอนหลากหลายสาขา
Sichuan Normal University,มหาวิทยาลัยครุศาสตร์ในเฉิงตู เด่นด้านการศึกษา ภาษา และศิลปะ
Sichuan University,มหาวิทยาลัยวิจัยขนาดใหญ่ในเฉิงตู เปิดสอนหลากหลายสาขาและเด่นด้านการแพทย์
Soochow University,มหาวิทยาลัยในซูโจว เมืองสวนและคลองใกล้เซี่ยงไฮ้ เปิดสอนหลากหลายสาขา
South China Normal University,มหาวิทยาลัยครุศาสตร์ชั้นนำในกวางโจว เด่นด้านการศึกษา จิตวิทยา และภาษา
South China University of Technology,มหาวิทยาลัยวิจัยชั้นนำในกวางโจว เด่นด้านวิศวกรรมและสถาปัตยกรรม
Southern University of Science and Technology,มหาวิทยาลัยวิจัยรุ่นใหม่ในเซินเจิ้น เน้นวิทยาศาสตร์และวิศวกรรม
Southwest Jiaotong University,มหาวิทยาลัยในเฉิงตูที่เด่นด้านวิศวกรรมรถไฟ การขนส่ง และโยธา
Southwest Petroleum University,มหาวิทยาลัยในเฉิงตูที่เด่นด้านปิโตรเลียม พลังงาน และวิศวกรรม
Southwest University,มหาวิทยาลัยขนาดใหญ่ในฉงชิ่ง เปิดสอนหลากหลายสาขา เด่นด้านการศึกษาและเกษตร
Southwestern University of Finance and Economics,มหาวิทยาลัยด้านการเงินและเศรษฐศาสตร์ชั้นนำในเฉิงตู เมืองแพนด้าที่อาหารอร่อยและบรรยากาศสบาย ๆ
Sun Yat-sen University,มหาวิทยาลัยชั้นนำทางตอนใต้ของจีนในกวางโจว เด่นด้านการแพทย์ ธุรกิจ และมนุษยศาสตร์
"The Chinese University of Hong Kong, Shenzhen",มหาวิทยาลัยในเซินเจิ้นภายใต้ความร่วมมือกับ The Chinese University of Hong Kong สอนเป็นภาษาอังกฤษเป็นหลัก
Tianjin Foreign Studies University,มหาวิทยาลัยในเทียนจินที่เด่นด้านภาษาต่างประเทศและการแปล
Tianjin Medical University,มหาวิทยาลัยแพทย์ในเทียนจิน เปิดสอนแพทยศาสตร์ และสาขาด้านสุขภาพ
Tianjin University,มหาวิทยาลัยวิจัยในเทียนจินที่มีประวัติยาวนาน เด่นด้านวิศวกรรมและสถาปัตยกรรม
Tongji University,มหาวิทยาลัยชั้นนำในเซี่ยงไฮ้ เด่นด้านสถาปัตยกรรม วิศวกรรมโยธา และการออกแบบ
Tsinghua University,หนึ่งในมหาวิทยาลัยที่มีชื่อเสียงที่สุดของจีน ตั้งอยู่ในปักกิ่ง เด่นด้านวิศวกรรม วิทยาศาสตร์ และธุรกิจ
University of Electronic Science and Technology of China,มหาวิทยาลัยวิจัยในเฉิงตูที่เด่นด้านอิเล็กทรอนิกส์ คอมพิวเตอร์ และเทคโนโลยีสารสนเทศ
University of International Business and Economics,มหาวิทยาลัยในปักกิ่งที่เด่นด้านธุรกิจระหว่างประเทศ การค้า และเศรษฐศาสตร์
University of Science and Technology of China,มหาวิทยาลัยวิจัยชั้นนำในเหอเฝย เด่นด้านวิทยาศาสตร์และเทคโนโลยี
Wuhan University,มหาวิทยาลัยชั้นนำในอู่ฮั่น ขึ้นชื่อเรื่องวิทยาเขตสวยงามและซากุระ เปิดสอนหลากหลายสาขา
Wuhan University of Technology,มหาวิทยาลัยในอู่ฮั่นที่เด่นด้านวัสดุศาสตร์ ยานยนต์ และการขนส่งทางน้ำ
Xi'an Jiaotong University,หนึ่งในมหาวิทยาลัยชั้นนำของจีนในซีอาน เด่นด้านวิศวกรรม การแพทย์ และการจัดการ
Xiamen University,มหาวิทยาลัยชั้นนำในเซี่ยเหมิน ขึ้นชื่อเรื่องวิทยาเขตริมทะเลที่สวยงาม เด่นด้านเศรษฐศาสตร์และการบริหาร
Xiamen University of Technology,มหาวิทยาลัยในเซี่ยเหมินที่เน้นวิศวกรรมและเทคโนโลยีประยุกต์
Xidian University,มหาวิทยาลัยในซีอานที่เด่นด้านอิเล็กทรอนิกส์ การสื่อสาร และคอมพิวเตอร์
Xi'an Jiaotong-Liverpool University,มหาวิทยาลัยในซูโจวภายใต้ความร่วมมือระหว่าง Xi'an Jiaotong University และ University of Liverpool สอนเป็นภาษาอังกฤษ
Yunnan Arts University,มหาวิทยาลัยศิลปะในคุนหมิง เปิดสอนดนตรี การแสดง และศิลปกรรม
Yunnan Normal University,มหาวิทยาลัยครุศาสตร์ในคุนหมิง เมืองที่อากาศดีตลอดปีและใกล้ประเทศไทย
Yunnan University,มหาวิทยาลัยหลักของมณฑลยูนนานในคุนหมิง เปิดสอนหลากหลายสาขา
Zhejiang Conservatory of Music,วิทยาลัยดนตรีในหางโจว เปิดสอนการแสดงดนตรีและดนตรีศึกษา
Zhejiang University,หนึ่งในมหาวิทยาลัยชั้นนำของจีนในหางโจว เปิดสอนแทบทุกสาขา เด่นด้านวิศวกรรมและวิทยาศาสตร์
Zhejiang University of Technology,มหาวิทยาลัยในหางโจวที่เด่นด้านวิศวกรรมและเทคโนโลยี
Zhengzhou University,มหาวิทยาลัยขนาดใหญ่ในเจิ้งโจว เปิดสอนหลากหลายสาขา รวมถึงการแพทย์
Zhongnan University of Economics and Law,มหาวิทยาลัยในอู่ฮั่นที่เด่นด้านเศรษฐศาสตร์ กฎหมาย และการบริหาร
